{
  "interactionModel": {
    "languageModel": {
      "invocationName": "soolis chatbot",
      "intents": [
        {
          "name": "AMAZON.CancelIntent",
          "samples": []
        },
        {
          "name": "AMAZON.HelpIntent",
          "samples": []
        },
        {
          "name": "AMAZON.StopIntent",
          "samples": []
        },
        {
          "name": "ContactSales",
          "slots": [
            {
              "name": "firstname",
              "type": "AMAZON.US_FIRST_NAME",
              "samples": [
                "{firstname}",
                "My first name is {firstname}",
                "This is {firstname}",
                "My name is {firstname}"
              ]
            },
            {
              "name": "lastname",
              "type": "AMAZON.US_FIRST_NAME",
              "samples": [
                "my last name is {lastname}",
                "{lastname}"
              ]
            }
          ],
          "samples": [
            "soolis team",
            "sales team",
            "want to create website",
            "need to create website",
            "i want to talk with sales team",
            "contact sales"
          ]
        },
        {
          "name": "AMAZON.NavigateHomeIntent",
          "samples": []
        },
        {
          "name": "HelloSoolis",
          "slots": [],
          "samples": [
            "hello there",
            "helo",
            "howdy",
            "hey there",
            "how are you",
            "hello",
            "hi"
          ]
        },
        {
          "name": "ContentMarkeing",
          "slots": [],
          "samples": [
            "Content Marketing"
          ]
        },
        {
          "name": "FitnessEquipment",
          "slots": [],
          "samples": [
            "tell me about fitness equipment",
            "fitness equipment information",
            "fitness equipment research",
            "fitness equipment",
            "Can i sell equipment"
          ]
        },
        {
          "name": "EmailMarketing",
          "slots": [],
          "samples": [
            "What is involved in the email campaigns",
            "Can you tell me about the email campaigns",
            "How do you handle the email campaigns",
            "Do you provide the customer lists",
            "Who has the lists",
            "Do I need to purchase a list of names ",
            "Email Marketing"
          ]
        },
        {
          "name": "SoolisMarkets",
          "slots": [],
          "samples": [
            "what type of business do you create chatbots for",
            "who do you create chatbots for",
            "what industries does soOlis create chatbots for",
            "do you work with gyms",
            "can you create a chatbot for car dealers",
            "Hi do you work with financial services firms"
          ]
        },
        {
          "name": "SoolisChatbotFee",
          "slots": [],
          "samples": [
            "chat bot fees",
            "How much do chatbots cost",
            "what do chat bots cost",
            "how much to make a chatbot"
          ]
        },
        {
          "name": "SoolisChatbot",
          "slots": [],
          "samples": [
            "what are chat bots",
            "what is chatbot",
            "What are the benfits of chatbots",
            "what is the purpose of a chatbo",
            "why chatbots",
            "chat bots",
            "chat boats"
          ]
        },
        {
          "name": "SoolisMarketing",
          "slots": [],
          "samples": [
            "What is soolis",
            "What is soolis marketing"
          ]
        },
        {
          "name": "ContentManagement",
          "slots": [],
          "samples": [
            "what is the benefit of content marketing",
            "Tell me about content management",
            "content management"
          ]
        },
        {
          "name": "FitnessEquipmentPortal",
          "slots": [],
          "samples": [
            "What is a Fitness Portal",
            "What is a FEMP",
            "What is a femp used for",
            "Why should I get a femp",
            "Whats the purpose of the fitness equipment portal"
          ]
        },
        {
          "name": "EquipmentCompanies",
          "slots": [],
          "samples": [
            "Who do you work with",
            "who are some of your clients",
            "who uses it",
            "What fitness equipment companies do you work with"
          ]
        },
        {
          "name": "SoolisMarketingServices",
          "slots": [],
          "samples": [
            "do you create social media campaigns",
            "marketing services",
            "what does your company do",
            "what are you selling",
            "marketing",
            "what do u do",
            "what marketing products do you offer",
            "Soolis Marketing Services"
          ]
        }
      ],
      "types": []
    },
    "dialog": {
      "intents": [
        {
          "name": "ContactSales",
          "confirmationRequired": false,
          "prompts": {},
          "slots": [
            {
              "name": "firstname",
              "type": "AMAZON.US_FIRST_NAME",
              "elicitationRequired": true,
              "confirmationRequired": false,
              "prompts": {
                "elicitation": "Elicit.Slot.1032260411384.306873190958"
              }
            },
            {
              "name": "lastname",
              "type": "AMAZON.US_FIRST_NAME",
              "elicitationRequired": true,
              "confirmationRequired": false,
              "prompts": {
                "elicitation": "Elicit.Slot.1032260411384.871949452296"
              }
            }
          ],
          "delegationStrategy": "ALWAYS"
        },
        {
          "name": "HelloSoolis",
          "confirmationRequired": false,
          "prompts": {},
          "slots": []
        }
      ],
      "delegationStrategy": "ALWAYS"
    },
    "prompts": [
      {
        "id": "Elicit.Slot.1032260411384.306873190958",
        "variations": [
          {
            "type": "PlainText",
            "value": "What\u0027s your first name ?"
          }
        ]
      },
      {
        "id": "Elicit.Slot.1032260411384.871949452296",
        "variations": [
          {
            "type": "PlainText",
            "value": "Can you please let us know your last name?"
          },
          {
            "type": "PlainText",
            "value": "what\u0027s your last name ?"
          }
        ]
      },
      {
        "id": "Confirm.Slot.925422909422.1396444378202",
        "variations": [
          {
            "type": "PlainText",
            "value": "Hey whats your first name?"
          }
        ]
      },
      {
        "id": "Confirm.Intent.741761768327",
        "variations": [
          {
            "type": "PlainText",
            "value": "Hello, Welcome to soolis how may i help you?"
          }
        ]
      }
    ]
  },
  "version": "20"
}